created_at,temp,turbidity,oxygen,ph,ammonia,nitrat,length,weight
2021-06-19 00:00:00,24.61754083,100,4.017412017,8.430745251,0.38,1.925829146,6.96,3.36
2021-06-19 06:00:00,24.65280578,100,3.966935484,8.401314852,0.38,2.004166667,6.96,3.36
2021-06-19 12:00:00,26.27189898,100,4.089380952,8.385207941,0.38,2.075716113,6.96,3.682479339
2021-06-19 18:00:00,26.14971117,100,3.916277778,8.399212465,0.38,2.068998716,6.96,4.004958678
2021-06-20 00:00:00,25.68694969,100,4.370063492,8.405993069,0.38,1.904389937,7.31,4.327438017
2021-06-20 06:00:00,25.40762987,100,4.192849558,8.403096351,0.38,1.852246753,7.31,4.649917355
2021-06-20 12:00:00,26.42886659,100,3.809421053,8.375284014,0.38,1.802680047,7.31,4.972396694
2021-06-20 18:00:00,26.2230454,100,4.07785,8.39157053,0.38,1.826633039,7.31,5.294876033
2021-06-21 00:00:00,25.63423423,100,4.110925,8.405591964,0.38,1.709189189,7.66,5.617355372
2021-06-21 06:00:00,25.07698449,100,4.326671642,8.405225292,0.38,1.741131387,7.66,5.939834711
2021-06-21 12:00:00,24.92857143,100,4.462,8.405761429,0.38,1.626666667,7.66,6.26231405
2021-06-21 18:00:00,24.94451033,100,4.428875,8.387340352,0.38,1.585273438,7.7475,6.584793388
2021-06-22 00:00:00,24.96044922,100,4.39575,8.368919275,0.38,1.543880209,7.835,6.907272727
2021-06-22 06:00:00,24.97638812,100,4.362625,8.350498198,0.38,1.502486979,7.9225,7.229752066
2021-06-22 12:00:00,24.99232701,100,4.3295,8.332077121,0.38,1.46109375,8.01,7.552231405
2021-06-22 18:00:00,25.09540852,100,4.258190476,8.334946313,0.38,1.55122905,8.01,7.874710744
2021-06-23 00:00:00,24.74537671,100,4.201822581,8.342939521,0.38,1.457150685,8.36,8.197190083
2021-06-23 06:00:00,24.49146884,100,4.162078189,8.337463976,0.38,1.552195846,8.36,8.519669421
2021-06-23 12:00:00,24.41714876,100,4.127662921,8.315192132,0.38,1.411504132,8.36,8.84214876
2021-06-23 18:00:00,24.27676768,100,4.145549618,8.294543374,0.38,1.447939394,8.36,9.164628099
2021-06-24 00:00:00,24.04710821,100,3.987239583,8.270267201,0.38,1.377327044,8.71,9.487107438
2021-06-24 06:00:00,24.15524194,100,4.08906,8.234421768,0.38,1.41125,8.71,9.809586777
2021-06-24 12:00:00,24.81001984,100,4.213,8.203763439,0.38,1.430449735,8.71,10.13206612
2021-06-24 18:00:00,25.04050587,100,4.2309,8.204646305,0.38,1.651495601,8.71,10.45454545
2021-06-25 00:00:00,24.76842287,100,4.092213483,8.19046259,0.38,1.436088154,9.06,10.77702479
2021-06-25 06:00:00,24.60194672,100,4.157114754,8.166841639,0.38,1.49397541,9.06,11.09950413
2021-06-25 12:00:00,25.55735294,100,4.188490542,8.067338588,0.38,1.362,9.06,11.42198347
2021-06-25 18:00:00,25.52018664,100,4.21986633,8.058227023,0.38,1.352573383,9.1475,11.74446281
2021-06-26 00:00:00,25.48302033,100,4.251242118,8.049115459,0.38,1.343146766,9.235,12.06694215
2021-06-26 06:00:00,25.44585403,100,4.282617907,8.040003894,0.38,1.333720149,9.3225,12.38942149
2021-06-26 12:00:00,25.40868772,100,4.313993695,8.03089233,0.38,1.324293532,9.41,12.71190083
2021-06-26 18:00:00,25.37152142,100,4.345369483,8.021780765,0.38,1.314866915,9.4975,13.03438017
2021-06-27 00:00:00,25.33435511,100,4.376745271,8.012669201,0.38,1.305440299,9.585,13.3568595
2021-06-27 06:00:00,25.29718881,100,4.408121059,8.003557636,0.38,1.296013682,9.6725,13.67933884
2021-06-27 12:00:00,25.2600225,100,4.439496847,7.994446071,0.38,1.286587065,9.76,14.00181818
2021-06-27 18:00:00,25.2228562,100,4.470872636,7.985334507,0.38,1.277160448,9.8475,14.32429752
2021-06-28 00:00:00,25.18568989,100,4.502248424,7.976222942,0.38,1.267733831,9.935,14.64677686
2021-06-28 06:00:00,25.14852359,100,4.533624212,7.967111378,0.38,1.258307214,10.0225,14.9692562
2021-06-28 12:00:00,25.11135728,100,4.565,7.957999813,0.38,1.248880597,10.11,15.29173554
2021-06-28 18:00:00,24.95090361,100,4.300818182,7.950151759,0.38,1.342072289,10.11,15.61421488
2021-06-29 00:00:00,24.61202077,100,4.147813456,7.939991427,0.38,1.159361022,10.46,15.93669421
2021-06-29 06:00:00,24.35627665,100,3.973722222,7.921185629,0.38,1.250703625,10.46,16.25917355
2021-06-29 12:00:00,24.61694965,100,4.243507246,7.89784103,0.38,1.250093677,10.46,16.58165289
2021-06-29 18:00:00,24.80525249,100,4.261780952,7.898567357,0.38,1.344451372,10.46,16.90413223
2021-06-30 00:00:00,24.36255855,100,4.011536364,7.896310047,0.38,1.182084309,10.81,17.22661157
2021-06-30 06:00:00,24.13420643,100,3.940805195,7.869952153,0.38,1.309979296,10.81,17.54909091
2021-06-30 12:00:00,24.87668919,100,4.240307692,7.840825521,0.38,1.236505792,10.81,17.87157025
2021-06-30 18:00:00,25.15041371,100,4.342515152,7.846025154,0.38,1.423238771,10.81,18.19404959
2021-07-01 00:00:00,24.85746571,100,4.056503106,7.839186633,0.38,1.318990025,11.16,18.51652893
2021-07-01 06:00:00,24.731293,100,3.973742424,7.821173589,0.38,1.320837156,11.16,18.83900826
2021-07-01 12:00:00,25.32814246,100,3.936214286,7.809558782,0.38,1.34522905,11.16,19.1614876
2021-07-01 18:00:00,25.54784537,100,4.094931034,7.813926553,0.38,1.42,11.16,19.48396694
2021-07-02 00:00:00,25.01714072,100,4.098142857,7.812381533,0.38,1.263125749,11.51,19.80644628
2021-07-02 06:00:00,24.72789897,100,4.107321429,7.789176452,0.38,1.323995408,11.51,20.12892562
2021-07-02 12:00:00,25.58207685,100,4.012875,7.760891274,0.38,1.511468872,11.51,20.45140496
2021-07-02 18:00:00,25.7505531,100,3.635444444,7.76993646,0.38,1.581294248,11.51,20.7738843
2021-07-03 00:00:00,25.29667991,100,4.184848837,7.767526288,0.38,1.355471056,11.91,21.09636364
2021-07-03 06:00:00,24.79330157,100,3.882855932,7.766886401,0.38,1.276109865,11.91,21.41884298
2021-07-03 12:00:00,24.33151858,100,3.91455303,7.758679384,0.38,1.286666667,11.91,21.74132231
2021-07-03 18:00:00,24.10711853,100,4.061291845,7.755068582,0.38,1.545103093,11.91,22.06380165
2021-07-04 00:00:00,24,100,3.883062802,7.754053597,0.38,1.284352201,12.12,22.38628099
2021-07-04 06:00:00,24.08709016,100,3.978239669,7.727433184,0.38,1.267382075,12.12,22.70876033
2021-07-04 12:00:00,24.5401016,100,4.017363636,7.71193149,0.38,1.246009852,12.12,23.03123967
2021-07-04 18:00:00,24.7936481,100,4.0845,7.726230163,0.38,1.302853261,12.12,23.35371901
2021-07-05 00:00:00,24.625,100,4.078904762,7.72095,0.38,1.29,12.33,23.67619835
2021-07-05 06:00:00,24.77083333,100,4.073309524,7.710356667,0.38,1.45,12.33,23.99867769
2021-07-05 12:00:00,24.91666667,100,4.067714286,7.699763333,0.38,1.61,12.33,24.32115702
2021-07-05 18:00:00,25.0625,100,4.062119047,7.68917,0.38,1.77,12.33,24.64363636
2021-07-06 00:00:00,24.8125,100,4.056523809,7.671015,0.38,1.605,12.435,24.9661157
2021-07-06 06:00:00,24.5625,100,4.050928571,7.65286,0.38,1.44,12.54,25.28859504
2021-07-06 12:00:00,24.54567308,100,4.045333333,7.684804615,0.38,1.165769231,12.54,25.61107438
2021-07-06 18:00:00,24.49471843,100,4.064434343,7.669909277,0.38,1.232914254,12.61,25.93355372
2021-07-07 00:00:00,24.44376379,100,4.083535354,7.65501394,0.38,1.300059278,12.68,26.25603306
2021-07-07 06:00:00,24.39280914,100,4.102636364,7.640118602,0.38,1.367204301,12.75,26.5785124
2021-07-07 12:00:00,25.26034608,100,4.076217391,7.637231462,0.38,1.469757986,12.75,26.90099174
2021-07-07 18:00:00,25.58370337,100,4.058968254,7.655480462,0.38,1.420870337,12.75,27.22347107
2021-07-08 00:00:00,25.1165,100,3.962166667,7.65594704,0.38,1.39864,12.96,27.54595041
2021-07-08 06:00:00,25.01222222,100,3.807761905,7.625680489,0.38,1.513822222,12.96,27.86842975
2021-07-08 12:00:00,26.03657761,100,4.113333333,7.617233053,0.38,1.388396947,12.96,28.19090909
2021-07-08 18:00:00,25.75823643,100,3.738083333,7.635051938,0.38,1.371395349,12.96,28.51338843
2021-07-09 00:00:00,25.16770833,100,4.37175,7.627966,0.38,1.350666667,13.17,28.83586777
2021-07-09 06:00:00,24.87148268,100,3.722774194,7.614122684,0.38,1.411471861,13.17,29.15834711
2021-07-09 12:00:00,25.11620036,100,3.918444444,7.611754224,0.38,1.41,13.17,29.48082645
2021-07-09 18:00:00,24.78510274,100,4.018935484,7.615399863,0.38,1.538127854,13.17,29.80330579
2021-07-10 00:00:00,24.34775,100,4.099642857,7.61397944,0.38,1.45908,13.38,30.12578512
2021-07-10 06:00:00,24.14600134,100,3.848976744,7.602762446,0.38,1.497930108,13.38,30.44826446
2021-07-10 12:00:00,24.80372671,100,4.003967742,7.580295789,0.38,1.396944099,13.38,30.7707438
2021-07-10 18:00:00,25.12171053,100,3.91072,7.589708543,0.38,1.663360324,13.38,31.09322314
2021-07-11 00:00:00,24.80715812,100,4.076625,7.593628462,0.38,1.549615385,13.59,31.41570248
2021-07-11 06:00:00,24.53534704,100,4.030056604,7.575406915,0.38,1.550462725,13.59,31.73818182
2021-07-11 12:00:00,25.2755,100,4.052617284,7.55386152,0.38,1.559488,13.59,32.06066116
2021-07-11 18:00:00,25.42208904,100,3.990304348,7.572870365,0.38,1.647260274,13.59,32.3831405
2021-07-12 00:00:00,24.72231013,100,4.218823529,7.57103481,0.38,1.598227848,13.8,32.70561983
2021-07-12 06:00:00,24.39766484,100,3.909818182,7.558926703,0.38,1.780915751,13.8,33.02809917
2021-07-12 12:00:00,24.37847966,100,4.012371429,7.559172848,0.38,1.281049251,13.8,33.35057851
2021-07-12 18:00:00,24.12142857,100,3.982846154,7.560913057,0.38,1.238598726,13.8,33.67305785
2021-07-13 00:00:00,24.11236359,100,3.730037037,7.560848596,0.38,1.23374269,14.01,33.99553719
2021-07-13 06:00:00,24.10329861,100,3.858617647,7.537142776,0.38,1.328490566,14.01,34.31801653
2021-07-13 12:00:00,24.84398928,100,4.051826087,7.532466141,0.371816923,1.402894334,14.01,34.64049587
2021-07-13 18:00:00,25.19875776,100,3.968491803,7.53686028,0.363633846,1.659627329,14.01,34.96297521
2021-07-14 00:00:00,24.78965054,100,4.101535714,7.536123656,0.355450769,1.441827957,14.22,35.28545455
2021-07-14 06:00:00,24.6626506,100,4.097942029,7.522769548,0.347267692,1.542831325,14.22,35.60793388
2021-07-14 12:00:00,25.67673077,100,3.980392157,7.501289385,0.339084615,1.518830769,14.22,35.93041322
2021-07-14 18:00:00,26.02919162,100,3.960833333,7.517404611,0.330901538,1.67497006,14.22,36.25289256
2021-07-15 00:00:00,25.38270548,100,4.151947368,7.522329521,0.322718462,1.421849315,14.43,36.5753719
2021-07-15 06:00:00,24.84172078,100,4.224583333,7.518468831,0.314535385,1.472597403,14.43,36.89785124
2021-07-15 12:00:00,24.71706989,100,3.801545455,7.512424516,0.306352308,1.623225806,14.43,37.22033058
2021-07-15 18:00:00,24.43539916,100,4.110545455,7.519341008,0.298169231,1.818403361,14.43,37.54280992
2021-07-16 00:00:00,24.1625,100,4.164030303,7.520907333,0.289986154,1.671333333,14.64,37.86528926
2021-07-16 06:00:00,24.15110294,100,4.217515152,7.521370235,0.281803077,1.591666667,14.64,38.1877686
2021-07-16 12:00:00,24.13970588,100,4.271,7.521833137,0.27362,1.512,14.64,38.51024793
2021-07-16 18:00:00,24.02579365,100,4.025826087,7.52155929,0.30908,1.75591716,14.64,38.83272727
2021-07-17 00:00:00,24.0403203,100,3.994375,7.521187107,0.34454,1.809746193,14.91,39.15520661
2021-07-17 06:00:00,24.05484694,100,4.061684211,7.490187692,0.38,1.505615385,14.91,39.47768595
2021-07-17 12:00:00,24.71319284,100,4.10957377,7.473523557,0.38,1.300300231,14.91,39.80016529
2021-07-17 18:00:00,25.12117347,100,4.109826087,7.484158571,0.38,1.475238095,14.91,40.12264463
2021-07-18 00:00:00,24.75762195,100,4.116689655,7.48816628,0.38,1.377865854,15.11,40.44512397
2021-07-18 06:00:00,24.46456473,100,3.877518519,7.476671205,0.38,1.509017857,15.11,40.76760331
2021-07-18 12:00:00,24.7338615,100,4.071555556,7.46277554,0.38,1.552816901,15.11,41.09008264
2021-07-18 18:00:00,24.88324176,100,4.121846154,7.468311484,0.38,1.712637363,15.11,41.41256198
2021-07-19 00:00:00,24.61931818,100,3.971666667,7.469070695,0.38,1.561283422,15.31,41.73504132
2021-07-19 06:00:00,24.34787736,100,3.891679245,7.460829358,0.38,1.627698113,15.31,42.05752066
2021-07-19 12:00:00,24.7318038,100,3.895914894,7.440275981,0.38,1.364177215,15.31,42.38
2021-07-19 18:00:00,24.86570248,100,4.153807692,7.453345041,0.38,1.278347107,15.31,42.70247934
2021-07-20 00:00:00,24.63466495,100,4.459857143,7.45274567,0.38,1.260103093,15.51,43.02495868
2021-07-20 06:00:00,24.28482143,100,3.393571429,7.437100714,0.38,1.255428571,15.51,43.34743802
2021-07-20 12:00:00,24.59926471,100,3.95625,7.430198578,0.38,1.294264706,15.51,43.66991736
2021-07-20 18:00:00,25.14488636,100,3.468,7.436611818,0.38,1.491818182,15.51,43.99239669
2021-07-21 00:00:00,24.77796053,100,4.0525,7.440455789,0.38,1.420263158,15.71,44.31487603
2021-07-21 06:00:00,24.42137097,100,3.4355,7.440525161,0.38,1.496451613,15.71,44.63735537
2021-07-21 12:00:00,24.57118056,100,3.4545,7.426386667,0.38,1.552222222,15.71,44.95983471
2021-07-21 18:00:00,24.60892857,100,3.58225,7.421731714,0.38,1.869142857,15.71,45.28231405
2021-07-22 00:00:00,24.328125,100,3.71,7.43598175,0.38,1.5415,15.91,45.60479339
2021-07-22 06:00:00,24.03571429,100,3.9448,7.426198605,0.384792972,1.672790698,15.91,45.92727273
2021-07-22 12:00:00,24.31332237,100,3.968875,7.415075789,0.389585944,1.705263158,15.91,46.24975207
2021-07-22 18:00:00,24.36458333,100,4.071029412,7.421541543,0.394378916,2.092654321,15.91,46.5722314
2021-07-23 00:00:00,24.125,100,4.065434783,7.424316842,0.399171888,1.968654971,16.11,46.89471074
2021-07-23 06:00:00,24,100,4.068466667,7.416859535,0.403964859,2.263837209,16.11,47.21719008
2021-07-23 12:00:00,24.29484463,100,3.981421053,7.404541124,0.408757831,2.425337079,16.11,47.53966942
2021-07-23 18:00:00,24.42008929,100,4.101074074,7.408702071,0.413550803,2.909357143,16.11,47.86214876
2021-07-24 00:00:00,24.125,100,3.591857143,7.415268983,0.418343775,2.88440678,16.31,48.1846281
2021-07-24 06:00:00,24.05729167,100,4.069758621,7.407439755,0.423136747,3.091176471,16.31,48.50710744
2021-07-24 12:00:00,24.56707317,100,4.007880952,7.389902146,0.427929719,3.003560976,16.31,48.82958678
2021-07-24 18:00:00,24.86679864,100,4.102735849,7.393719548,0.432722691,3.561719457,16.31,49.15206612
2021-07-25 00:00:00,24.41304348,100,3.877895833,7.396597,0.437515663,3.287304348,16.51,49.47454545
2021-07-25 06:00:00,24.07532051,100,4.04472,7.393624829,0.442308635,3.338333333,16.51,49.79702479
2021-07-25 12:00:00,24.45950704,100,4.000375,7.385626808,0.447101607,3.316995305,16.51,50.11950413
2021-07-25 18:00:00,24.61909204,100,4.053333333,7.387763035,0.451894578,4.025820896,16.51,50.44198347
2021-07-26 00:00:00,24.29702381,100,3.990638889,7.389569952,0.45668755,3.578380952,16.71,50.76446281
2021-07-26 06:00:00,24.01724138,100,4.056407407,7.388643316,0.461480522,3.763979592,16.71,51.08694215
2021-07-26 12:00:00,24.21330645,100,4.076285714,7.376053182,0.466273494,3.695056818,16.71,51.40942149
2021-07-26 18:00:00,24.24080882,100,3.758,7.379742176,0.471066466,3.774941176,16.71,51.73190083
2021-07-27 00:00:00,24.0375,100,3.92878125,7.382240056,0.475859438,3.577988827,16.91,52.05438017
2021-07-27 06:00:00,24.0625,100,3.931786885,7.363863279,0.48065241,3.481366667,16.91,52.3768595
2021-07-27 12:00:00,24.48560049,100,3.846333333,7.352359951,0.485445382,3.302156863,16.91,52.69933884
2021-07-27 18:00:00,24.58150585,100,3.874344828,7.358825556,0.490238354,4.145588235,16.91,53.02181818
2021-07-28 00:00:00,24.2145979,100,4.050342105,7.358329505,0.495031326,3.343861386,17.11,53.34429752
2021-07-28 06:00:00,24.1404703,100,3.94394,7.34289419,0.499824297,3.37334507,17.11,53.66677686
2021-07-28 12:00:00,25.19897677,100,3.9761625,7.329203691,0.504617269,3.153755365,17.11,53.9892562
2021-07-28 18:00:00,24.83928571,100,4.052758621,7.328859456,0.509410241,3.901911765,17.11,54.31173554
2021-07-29 00:00:00,24.18442623,100,3.826526316,7.33127226,0.514203213,3.405136986,17.31,54.63421488
2021-07-29 06:00:00,24.23051075,91.94705882,3.905833333,7.302787297,0.518996185,3.405520362,17.31,54.95669421
2021-07-29 12:00:00,24.75660745,50,3.890765766,7.284577799,0.523789157,3.482183709,17.31,55.27917355
2021-07-29 18:00:00,25.07783742,50.78888889,3.784,7.311633926,0.528582129,4.114478528,17.31,55.60165289
2021-07-30 00:00:00,24.59531623,51.57777778,4.41,7.319355859,0.533375101,3.671813842,17.51,55.92413223
2021-07-30 06:00:00,24.10303656,52.36666667,4.462333333,7.32013046,0.538168073,4.027830189,17.51,56.24661157
2021-07-30 12:00:00,24.48528954,53.15555556,4.514666667,7.314983462,0.542961045,4.252609238,17.51,56.56909091
2021-07-30 18:00:00,24.5079424,53.94444445,4.567,7.318740546,0.547754016,4.714292308,17.51,56.89157025
2021-07-31 00:00:00,24.19874339,54.73333333,4.619333333,7.322441868,0.552546988,4.329603842,17.75,57.21404959
2021-07-31 06:00:00,24.09230769,55.52222222,4.671666667,7.322049828,0.55733996,4.442958478,17.75,57.53652893
2021-07-31 12:00:00,24.64458955,56.31111111,4.724,7.294727851,0.562132932,4.196298507,17.75,57.85900826
2021-07-31 18:00:00,24.89162971,57.1,4.680301435,7.298271619,0.566925904,4.5983125,17.75,58.1814876
2021-08-01 00:00:00,24.65561869,57.88888889,4.636602871,7.301806566,0.548580822,4.579292929,18,58.50396694
2021-08-01 06:00:00,24.27272727,66.44652518,4.592904306,7.306209091,0.53023574,4.521060606,18,58.82644628
2021-08-01 12:00:00,24.65958333,75.00416146,4.549205742,7.292545067,0.511890657,4.375466667,18,59.14892562
2021-08-01 18:00:00,24.82328869,83.56179775,4.505507177,7.294429167,0.493545575,4.828235294,18,59.47140496
2021-08-02 00:00:00,24.5007515,87.87374749,4.461808613,7.297697295,0.475200493,4.71453252,18.23,59.7938843
2021-08-02 06:00:00,24.34570313,84.78571429,4.418110048,7.291199821,0.456855411,4.526237624,18.23,60.11636364
2021-08-02 12:00:00,24.89917453,83.26650943,4.374411483,7.280384458,0.438510329,4.459432624,18.23,60.43884298
2021-08-02 18:00:00,24.31900631,82.38328076,4.330712919,7.292635994,0.420165247,4.835825893,18.23,60.76132231
2021-08-03 00:00:00,24.00772472,81.74277854,4.287014354,7.295932325,0.401820164,4.774525547,18.47,61.08380165
2021-08-03 06:00:00,24.4407715,68.87756211,4.24331579,7.276479104,0.383475082,4.59178809,18.47,61.40628099
2021-08-03 12:00:00,24.87381828,56.01234568,4.199617225,7.257025882,0.36513,4.409050633,18.47,61.72876033
2021-08-03 18:00:00,25.00925186,71.84025559,4.15591866,7.264481193,0.421367179,4.945294118,18.47,62.05123967
2021-08-04 00:00:00,24.7049606,67.74068768,4.112220096,7.266043954,0.485385098,4.717192514,18.71,62.37371901
2021-08-04 06:00:00,24.47378178,73.17372881,4.068521531,7.256423517,0.549403017,4.489090909,18.71,62.69619835
2021-08-04 12:00:00,25.28633373,74.20334928,4.024822967,7.245645287,0.613420935,4.589272727,18.71,63.01867769
2021-08-04 18:00:00,25.24861453,75.87684729,3.981124402,7.2488817,0.677438854,4.689454545,18.71,63.34115702
2021-08-05 00:00:00,24.56146694,77.97727273,3.937425838,7.24766186,0.779012,4.789636364,18.95,63.66363636
2021-08-05 06:00:00,24.15978507,77.38235294,3.893727273,7.246969276,0.571923908,4.889818182,18.95,63.9861157
2021-08-05 12:00:00,24.64141247,71.76392573,4.135459459,7.231966472,0.652731438,4.99,18.95,64.30859504
2021-08-05 18:00:00,24.52289678,77.8973747,4.04891198,7.238361301,0.406783871,4.982621359,18.95,64.63107438
2021-08-06 00:00:00,24.30311506,80.78202068,3.86470599,7.234525651,0.437953602,4.975242718,19.07,64.95355372
2021-08-06 06:00:00,24.08333333,83.66666667,3.6805,7.23069,0.469123333,4.967864078,19.19,65.27603306
2021-08-06 12:00:00,24.20660569,85.62022358,3.749527132,7.217455899,0.440046334,4.960485437,19.238,65.5985124
2021-08-06 18:00:00,24.32987805,87.57378049,3.818554264,7.204221799,0.410969335,4.953106796,19.286,65.92099174
2021-08-07 00:00:00,24.4531504,89.5273374,3.887581395,7.190987698,0.381892336,4.945728155,19.334,66.24347107
2021-08-07 06:00:00,24.57642276,91.48089431,3.956608527,7.177753598,0.352815337,4.938349515,19.382,66.56595041
2021-08-07 12:00:00,24.69969512,93.43445122,4.025635659,7.164519497,0.323738338,4.930970874,19.43,66.88842975
2021-08-07 18:00:00,24.34527439,92.88075881,3.679721448,7.171388266,0.410538076,4.923592233,19.43,67.21090909
2021-08-08 00:00:00,24.0150463,90.74727932,4.125307692,7.168642346,0.458163289,4.916213592,19.67,67.53338843
2021-08-08 06:00:00,24.11769481,88.98971429,4.039176471,7.159737177,0.474356393,4.908834951,19.67,67.85586777
2021-08-08 12:00:00,24.68129209,90.17340067,4.126230769,7.134840152,0.618016806,4.901456311,19.67,68.17834711
2021-08-08 18:00:00,24.64381068,91.42226711,4.244320513,7.131914128,0.614535728,4.89407767,19.78333333,68.50082645
2021-08-09 00:00:00,24.60632928,92.67113356,4.362410256,7.128988104,0.61105465,4.886699029,19.89666667,68.82330579
2021-08-09 06:00:00,24.56884787,93.92,4.4805,7.12606208,0.607573571,4.879320388,20.01,69.14578512
2021-08-09 12:00:00,24.53136646,97.84266985,3.831226415,7.117416412,0.604092493,4.871941748,20.01,69.46826446
2021-08-09 18:00:00,24.41251369,98.38335159,4.124811024,7.14750724,0.460114304,4.864563107,20.01,69.7907438
2021-08-10 00:00:00,24.03326613,95.05497925,4.041870307,7.141661214,0.535817759,4.857184466,20.25,70.11322314
2021-08-10 06:00:00,24.07777437,88.71677983,4.167160377,7.137055179,0.348178991,4.849805825,20.25,70.43570248
2021-08-10 12:00:00,24.12228261,93.94165694,3.816135294,7.122449837,0.31071112,4.842427184,20.25,70.75818182
2021-08-10 18:00:00,24.0420045,92.55555556,3.733279221,7.12689651,0.389198934,4.835048544,20.25,71.08066116
2021-08-11 00:00:00,24.028003,92.75027996,3.730317708,7.130031926,0.564847772,4.827669903,20.49,71.4031405
2021-08-11 06:00:00,24.0140015,93.17272727,3.744910053,7.129530159,0.350090023,4.820291262,20.49,71.72561983
2021-08-11 12:00:00,24,90.99372647,3.636313218,7.124052647,0.46021912,4.812912621,20.49,72.04809917
2021-08-11 18:00:00,24.03605436,91.71460674,3.613494845,7.129860966,0.458139303,4.805533981,20.49,72.37057851
2021-08-12 00:00:00,24.07210873,92.40955631,3.759393162,7.1284957,0.601364915,4.79815534,20.73,72.69305785
2021-08-12 06:00:00,24.10816309,93.79847328,3.898469565,7.127375084,0.310077237,4.790776699,20.73,73.01553719
2021-08-12 12:00:00,24.14421745,92.28989362,3.62501,7.110631516,0.335352926,4.783398058,20.73,73.33801653
2021-08-12 18:00:00,24.18027181,93.47251309,3.698643617,7.113901963,0.179405995,4.776019417,20.73,73.66049587
2021-08-13 00:00:00,24.21632618,93.20142857,3.62001992,7.114832714,0.528575527,4.768640777,20.97,73.98297521
2021-08-13 06:00:00,24.25238054,92.19277108,3.797290557,7.107135422,0.512689118,4.761262136,20.97,74.30545455
2021-08-13 12:00:00,24.2884349,92.17767107,4.074491979,7.095017839,0.520964386,4.753883495,20.97,74.62793388
2021-08-13 18:00:00,24.60818452,92.04761905,4.152786561,7.096813286,0.195870048,4.746504854,20.97,74.95041322
2021-08-14 00:00:00,24.25549352,90.58933718,4.186313559,7.098555908,0.697753518,4.739126214,21.12,75.27289256
2021-08-14 06:00:00,24.05764949,90.03629537,4.1536,7.095790038,0.562180653,4.731747573,21.12,75.5953719
2021-08-14 12:00:00,24.60714286,91.60349854,3.959582353,7.079819577,0.554744848,4.724368932,21.12,75.91785124
2021-08-14 18:00:00,24.82086052,93.54159869,3.771892655,7.084237406,0.222501005,4.716990291,21.12,76.24033058
2021-08-15 00:00:00,24.48646724,90.92022792,4.161458333,7.089003319,0.711461042,4.70961165,21.33,76.56280992
2021-08-15 06:00:00,24.11359127,100,3.86997561,7.084558254,0.737840732,4.70223301,21.33,76.88528926
2021-08-15 12:00:00,24.81808036,100,4.068857143,7.0599725,0.545158571,4.694854369,21.33,77.2077686
2021-08-15 18:00:00,25.07358871,100,3.706409091,7.063974677,0.335917292,4.687475728,21.33,77.53024793
2021-08-16 00:00:00,24.61702128,100,3.809266667,7.070939574,0.395847075,4.680097087,21.54,77.85272727
2021-08-16 06:00:00,24.09274194,100,3.8805,7.073983333,0.455776857,4.672718447,21.54,78.17520661
2021-08-16 12:00:00,24.3015625,100,3.794428571,7.060528384,0.601149756,4.665339806,21.54,78.49768595
2021-08-16 18:00:00,24.17340686,100,3.87608,7.071421111,0.592281071,4.657961165,21.54,78.82016529
2021-08-17 00:00:00,24.1815768,100,4.158604167,7.07378812,0.715778235,4.650582524,21.75,79.14264463
2021-08-17 06:00:00,24.18974673,100,3.720130435,7.072797426,0.487597374,4.643203883,21.75,79.46512397
2021-08-17 12:00:00,24.19791667,100,3.7032,7.052136667,0.614358182,4.635825243,21.75,79.78760331
2021-08-17 18:00:00,24.109375,100,4.91,7.066031818,0.589142727,4.628446602,21.75,80.11008264
2021-08-18 00:00:00,24.21458333,100,3.674857143,7.071808929,0.611972692,4.621067961,21.96,80.43256198
2021-08-18 06:00:00,24.31979167,100,3.686,7.058694444,0.4285125,4.61368932,21.96,80.75504132
2021-08-18 12:00:00,24.425,100,4.0615,7.038668,0.65063625,4.60631068,21.96,81.07752066
2021-08-18 18:00:00,24.6015625,100,3.9684375,7.0423,0.45821,4.598932039,21.96,81.4
2021-08-19 00:00:00,24.559375,100,3.875375,7.038278857,0.483060357,4.591553398,22.02,82.42857143
2021-08-19 06:00:00,24.5171875,100,3.7823125,7.034257714,0.507910714,4.584174757,22.08,83.45714286
2021-08-19 12:00:00,24.475,100,3.68925,7.030236571,0.532761071,4.576796117,22.14,84.48571429
2021-08-19 18:00:00,24.4328125,100,3.5961875,7.026215429,0.557611429,4.569417476,22.2,85.51428571
2021-08-20 00:00:00,24.390625,100,3.503125,7.022194286,0.582461786,4.562038835,22.26,86.54285714
2021-08-20 06:00:00,24.3484375,100,3.4100625,7.018173143,0.607312143,4.554660194,22.32,87.57142857
2021-08-20 12:00:00,24.30625,100,3.317,7.014152,0.6321625,4.547281553,22.38,88.6
2021-08-20 18:00:00,24.23,100,3.783333333,7.0233228,0.588961538,4.539902913,22.38,88.6
2021-08-21 00:00:00,24.02083333,100,3.579375,7.028301667,0.7622225,4.532524272,22.59,92.2
2021-08-21 06:00:00,24.15277777,100,3.0525,7.027166667,0.676725,4.525145631,22.59,92.2
2021-08-21 12:00:00,24.28472222,100,3.186,6.999174444,0.6060325,4.51776699,22.59,92.2
2021-08-21 18:00:00,24.4375,100,3.275,7.005657143,0.506144,4.51038835,22.59,92.2
2021-08-22 00:00:00,24.0546875,100,4.196,7.012350645,0.79701,4.503009709,22.81,95.8
2021-08-22 06:00:00,24.0625,100,3.6328,7.00576129,0.687924444,4.495631068,22.81,95.8
2021-08-22 12:00:00,24.19230769,100,3.7854,6.990447692,0.761973333,4.488252427,22.81,95.8
2021-08-22 18:00:00,24.375,100,3.938,6.999175,0.57587,4.480873786,22.81,95.8
2021-08-23 00:00:00,24.1875,100,3.926736842,6.98556,0.581997719,4.473495146,23.01,99.4
2021-08-23 06:00:00,24.253003,100,3.915473684,6.982274369,0.588125439,4.466116505,23.05666667,100.2
2021-08-23 12:00:00,24.31850601,100,3.904210526,6.978988739,0.594253158,4.458737864,23.10333333,101
2021-08-23 18:00:00,24.38400901,100,3.892947368,6.975703108,0.600380877,4.451359223,23.15,101.8
2021-08-24 00:00:00,24.44951201,100,3.881684211,6.972417478,0.606508597,4.443980583,23.19666667,102.6
2021-08-24 06:00:00,24.51501501,100,3.870421053,6.969131847,0.612636316,4.436601942,23.24333333,103.4
2021-08-24 12:00:00,24.58051802,100,3.859157895,6.965846216,0.618764035,4.429223301,23.29,104.2
2021-08-24 18:00:00,24.64602102,100,3.847894737,6.962560586,0.624891755,4.42184466,23.33666667,105
2021-08-25 00:00:00,24.71152402,100,3.836631579,6.959274955,0.631019474,4.414466019,23.38333333,105.8
2021-08-25 06:00:00,24.77702703,100,3.825368421,6.955989325,0.637147193,4.407087379,23.43,106.6
2021-08-25 12:00:00,24.84253003,100,3.814105263,6.952703694,0.643274912,4.399708738,23.47666667,107.4
2021-08-25 18:00:00,24.90803303,100,3.802842105,6.949418063,0.649402632,4.392330097,23.52333333,108.2
2021-08-26 00:00:00,24.97353603,100,3.791578947,6.946132433,0.655530351,4.384951456,23.57,109
2021-08-26 06:00:00,25.03903904,100,3.780315789,6.942846802,0.66165807,4.377572816,23.61666667,109.8
2021-08-26 12:00:00,25.10454204,100,3.769052632,6.939561171,0.66778579,4.370194175,23.66333333,110.6
2021-08-26 18:00:00,25.17004504,100,3.757789474,6.936275541,0.673913509,4.362815534,23.71,111.4
2021-08-27 00:00:00,25.23554804,100,3.746526316,6.93298991,0.680041228,4.355436893,23.75666667,112.2
2021-08-27 06:00:00,25.30105105,100,3.735263158,6.92970428,0.686168948,4.348058252,23.80333333,113
2021-08-27 12:00:00,25.36655405,100,3.724,6.926418649,0.692296667,4.340679612,23.85,113.8
2021-08-27 18:00:00,25.27040816,100,3.432666667,6.943773469,0.741775,4.333300971,23.85,113.8
2021-08-28 00:00:00,24.56125,100,3.828166667,6.9502388,0.4679225,4.32592233,24.1,117.4
2021-08-28 06:00:00,24.2627551,100,3.42725,6.946738367,0.19407,4.318543689,24.1,117.4
2021-08-28 12:00:00,25.11655405,100,4.129666667,6.924209459,0.687706667,4.311165049,24.1,117.4
2021-08-28 18:00:00,24.92647059,100,3.1455,6.943632059,0.382087059,4.303786408,24.1,117.4
2021-08-29 00:00:00,24.28058511,100,3.41,6.944796596,0.7244,4.296407767,24.31,120.5
2021-08-29 06:00:00,24.121875,100,3.097,6.939403611,0.7272875,4.289029126,24.31,120.5
2021-08-29 12:00:00,24.98046875,100,3.45225,6.911080625,0.730175,4.281650485,24.31,120.5
2021-08-29 18:00:00,25.18375,100,3.115,6.9248158,0.437003846,4.274271845,24.31,120.5
2021-08-30 00:00:00,24.7577381,100,3.817863636,6.928529143,0.548289066,4.266893204,24.51,123.6
2021-08-30 06:00:00,24.475625,100,3.676375,6.926495347,0.659574286,4.259514563,24.51,123.6
2021-08-30 12:00:00,24.84290541,100,3.926153846,6.909777207,0.52225,4.252135922,24.51,123.6
2021-08-30 18:00:00,25.003125,100,3.244,6.91394575,0.413709032,4.244757282,24.51,123.6
2021-08-31 00:00:00,24.60963542,100,3.5979,6.915791914,0.274086183,4.237378641,24.61,125.15
2021-08-31 06:00:00,24.21614583,100,3.9518,6.917638077,0.134463333,4.23,24.71,126.7
2021-08-31 12:00:00,25.2662037,100,3.379666667,6.882831481,0.373361667,4.228222964,24.71,126.7
2021-08-31 18:00:00,25.57974138,100,4.1085,6.88976,0.61226,4.226445928,24.71,126.7
2021-09-01 00:00:00,25.31907895,100,3.027,6.897158947,0.605041833,4.224668892,24.91,129.8
2021-09-01 06:00:00,24.90625,100,3.24375,6.894420769,0.597823667,4.222891856,24.91,129.8
2021-09-01 12:00:00,24.78571429,100,3.4605,6.902551429,0.5906055,4.22111482,24.91,129.8
2021-09-01 18:00:00,24.73028274,100,3.416111111,6.899011489,0.583387333,4.219337784,24.96,130.575
2021-09-02 00:00:00,24.67485119,100,3.371722222,6.895471548,0.576169167,4.217560748,25.01,131.35
2021-09-02 06:00:00,24.61941964,100,3.327333333,6.891931608,0.568951,4.215783712,25.06,132.125
2021-09-02 12:00:00,24.5639881,100,3.282944444,6.888391667,0.561732833,4.214006676,25.11,132.9
2021-09-02 18:00:00,24.50855655,100,3.238555556,6.884851727,0.554514667,4.21222964,25.16,133.675
2021-09-03 00:00:00,24.453125,100,3.194166667,6.881311786,0.5472965,4.210452603,25.21,134.45
2021-09-03 06:00:00,24.39769345,100,3.149777778,6.877771846,0.540078333,4.208675567,25.26,135.225
2021-09-03 12:00:00,24.3422619,100,3.105388889,6.874231905,0.532860166,4.206898531,25.31,136
2021-09-03 18:00:00,24.15625,100,3.061,6.888372273,0.525642,4.205121495,25.31,136
2021-09-04 00:00:00,24.14583333,100,3.1105,6.887959333,0.518423833,4.203344459,25.51,139.1
2021-09-04 06:00:00,24.13541667,100,3.33425,6.881265897,0.511205666,4.201567423,25.51,139.1
2021-09-04 12:00:00,24.125,100,3.558,6.855767273,0.5039875,4.199790387,25.51,139.1
2021-09-04 18:00:00,24.29625,100,3.3425,6.8648968,0.496769333,4.198013351,25.51,139.1
2021-09-05 00:00:00,24.10185185,100,3.304,6.869042889,0.500990976,4.196236315,25.71,142.2
2021-09-05 06:00:00,24.12019231,100,3.811,6.854768919,0.50521262,4.194459279,25.71,142.2
2021-09-05 12:00:00,24.52586207,100,3.148,6.839038621,0.509434263,4.192682243,25.71,142.2
2021-09-05 18:00:00,24.27925532,100,3.156573171,6.848790426,0.513655907,4.190905207,25.71,142.2
2021-09-06 00:00:00,24.29977558,100,3.165146341,6.843321041,0.51787755,4.189128171,25.78076923,143.6420513
2021-09-06 06:00:00,24.32029584,100,3.173719512,6.837851657,0.522099194,4.187351135,25.85153846,145.0841026
2021-09-06 12:00:00,24.3408161,100,3.182292683,6.832382272,0.526320837,4.185574099,25.92230769,146.5261538
2021-09-06 18:00:00,24.36133636,100,3.190865854,6.826912888,0.53054248,4.183797063,25.99307692,147.9682051
2021-09-07 00:00:00,24.38185662,100,3.199439024,6.821443503,0.534764124,4.182020027,26.06384615,149.4102564
2021-09-07 06:00:00,24.40237688,100,3.208012195,6.815974119,0.538985767,4.180242991,26.13461538,150.8523077
2021-09-07 12:00:00,24.42289714,100,3.216585366,6.810504734,0.543207411,4.178465955,26.20538462,152.294359
2021-09-07 18:00:00,24.4434174,100,3.225158537,6.80503535,0.547429054,4.176688919,26.27615385,153.7364103
2021-09-08 00:00:00,24.46393766,100,3.233731707,6.799565965,0.551650697,4.174911883,26.34692308,155.1784615
2021-09-08 06:00:00,24.48445792,100,3.242304878,6.794096581,0.555872341,4.173134847,26.41769231,156.6205128
2021-09-08 12:00:00,24.50497818,100,3.250878049,6.788627196,0.560093984,4.17135781,26.48846154,158.0625641
2021-09-08 18:00:00,24.52549844,100,3.25945122,6.783157812,0.564315628,4.169580774,26.55923077,159.5046154
2021-09-09 00:00:00,24.5460187,100,3.26802439,6.777688427,0.568537271,4.167803738,26.63,160.9466667
2021-09-09 06:00:00,24.56653896,100,3.276597561,6.772219043,0.572758915,4.166026702,26.70076923,162.3887179
2021-09-09 12:00:00,24.58705922,100,3.285170732,6.766749658,0.576980558,4.164249666,26.77153846,163.8307692
2021-09-09 18:00:00,24.60757948,100,3.293743902,6.761280273,0.581202201,4.16247263,26.84230769,165.2728205
2021-09-10 00:00:00,24.62809974,100,3.302317073,6.755810889,0.585423845,4.160695594,26.91307692,166.7148718
2021-09-10 06:00:00,24.64862,100,3.310890244,6.750341504,0.589645488,4.158918558,26.98384615,168.1569231
2021-09-10 12:00:00,24.66914026,100,3.319463415,6.74487212,0.593867132,4.157141522,27.05461538,169.5989744
2021-09-10 18:00:00,24.68966051,100,3.328036585,6.739402735,0.598088775,4.155364486,27.12538462,171.0410256
2021-09-11 00:00:00,24.71018077,100,3.336609756,6.733933351,0.602310418,4.15358745,27.19615385,172.4830769
2021-09-11 06:00:00,24.73070103,100,3.345182927,6.728463966,0.606532062,4.151810414,27.26692308,173.9251282
2021-09-11 12:00:00,24.75122129,100,3.353756098,6.722994582,0.610753705,4.150033378,27.33769231,175.3671795
2021-09-11 18:00:00,24.77174155,100,3.362329268,6.717525197,0.614975349,4.148256342,27.40846154,176.8092308
2021-09-12 00:00:00,24.79226181,100,3.370902439,6.712055813,0.619196992,4.146479306,27.47923077,178.2512821
2021-09-12 06:00:00,24.81278207,100,3.37947561,6.706586428,0.623418636,4.14470227,27.55,179.6933333
2021-09-12 12:00:00,24.83330233,100,3.38804878,6.701117044,0.627640279,4.142925234,27.62076923,181.1353846
2021-09-12 18:00:00,24.85382259,100,3.396621951,6.695647659,0.631861922,4.141148198,27.69153846,182.5774359
2021-09-13 00:00:00,24.87434285,100,3.405195122,6.690178275,0.636083566,4.139371162,27.76230769,184.0194872
2021-09-13 06:00:00,24.89486311,100,3.413768293,6.68470889,0.640305209,4.137594126,27.83307692,185.4615385
2021-09-13 12:00:00,24.91538337,100,3.422341463,6.679239506,0.644526853,4.13581709,27.90384615,186.9035897
2021-09-13 18:00:00,24.93590363,100,3.430914634,6.673770121,0.648748496,4.134040053,27.97461538,188.345641
2021-09-14 00:00:00,24.95642389,100,3.439487805,6.668300736,0.652970139,4.132263017,28.04538462,189.7876923
2021-09-14 06:00:00,24.97694415,100,3.448060976,6.662831352,0.657191783,4.130485981,28.11615385,191.2297436
2021-09-14 12:00:00,24.99746441,100,3.456634146,6.657361967,0.661413426,4.128708945,28.18692308,192.6717949
2021-09-14 18:00:00,25.01798467,100,3.465207317,6.651892583,0.66563507,4.126931909,28.25769231,194.1138462
2021-09-15 00:00:00,25.03850493,100,3.473780488,6.646423198,0.669856713,4.125154873,28.32846154,195.5558974
2021-09-15 06:00:00,25.05902519,100,3.482353659,6.640953814,0.674078357,4.123377837,28.39923077,196.9979487
2021-09-15 12:00:00,25.07954545,100,3.490926829,6.635484429,0.6783,4.121600801,28.47,198.44
2021-09-15 18:00:00,25.11607143,100,3.4995,6.630015045,0.4503925,4.119823765,28.47,199.5731304
2021-09-16 00:00:00,24.6875,100,3.4674375,6.62454566,0.446785,4.118046729,28.83,200.7062609
2021-09-16 06:00:00,24.5625,100,3.435375,6.619076276,0.4431775,4.116269693,28.83,201.8393913
2021-09-16 12:00:00,24.90625,100,3.4033125,6.613606891,0.43957,4.114492657,28.83,202.9725217
2021-09-16 18:00:00,25.2,100,3.37125,6.608137507,0.4359625,4.112715621,28.83,204.1056522
2021-09-17 00:00:00,24.95,100,3.3391875,6.602668122,0.432355,4.110938585,29.19,205.2387826
2021-09-17 06:00:00,24.75,100,3.307125,6.597198738,0.4287475,4.109161549,29.19,206.371913
2021-09-17 12:00:00,25.44791667,100,3.2750625,6.591729353,0.42514,4.107384513,29.19,207.5050435
2021-09-17 18:00:00,25.51644737,100,3.243,6.586259968,0.6642225,4.105607477,29.19,208.6381739
2021-09-18 00:00:00,25.16346154,100,3.199,6.580790584,0.583760875,4.103830441,29.55,209.7713043
2021-09-18 06:00:00,25.10661765,100,3.155,6.575321199,0.50329925,4.102053405,29.55,210.9044348
2021-09-18 12:00:00,25.89166667,100,3.269888889,6.569851815,0.422837625,4.100276369,29.55,212.0375652
2021-09-18 18:00:00,25.65865385,100,3.384777778,6.56438243,0.342376,4.098499333,29.55,213.1706957
2021-09-19 00:00:00,25.15625,100,3.499666667,6.558913046,0.378914091,4.096722296,29.91,214.3038261
2021-09-19 06:00:00,24.82638889,100,3.484819493,6.553443661,0.415452182,4.09494526,29.91,215.4369565
2021-09-19 12:00:00,25.16319445,100,3.46997232,6.547974277,0.451990273,4.093168224,29.91,216.570087
2021-09-19 18:00:00,25.5,100,3.455125146,6.542504892,0.488528364,4.091391188,29.91,217.7032174
2021-09-20 00:00:00,25.49703947,100,3.440277973,6.537035508,0.525066455,4.089614152,30.03,218.8363478
2021-09-20 06:00:00,25.49407895,100,3.425430799,6.531566123,0.561604545,4.087837116,30.15,219.9694783
2021-09-20 12:00:00,25.49111842,100,3.410583626,6.526096739,0.598142636,4.08606008,30.27,221.1026087
2021-09-20 18:00:00,25.48815789,100,3.395736452,6.520627354,0.634680727,4.084283044,30.39,222.2357391
2021-09-21 00:00:00,25.48519737,100,3.380889279,6.51515797,0.671218818,4.082506008,30.51,223.3688696
2021-09-21 06:00:00,25.48223684,100,3.366042105,6.509688585,0.707756909,4.080728972,30.63,224.502
2021-09-21 12:00:00,25.56472919,100,3.2,6.504219201,0.744295,4.078951936,30.63,225.6351304
2021-09-21 18:00:00,25.43716799,100,3.2,6.498749816,0.625706667,4.0771749,30.63,226.7682609
2021-09-22 00:00:00,25.03231132,100,3.2,6.493280431,0.594556191,4.075397864,30.99,227.9013913
2021-09-22 06:00:00,24.76809846,100,3.2,6.487811047,0.563405714,4.073620828,30.99,229.0345217
2021-09-22 12:00:00,25.09918659,100,3.2,6.482341662,0.532255238,4.071843792,30.99,230.1676522
2021-09-22 18:00:00,25.07671257,100,3.2,6.476872278,0.739793333,4.070066756,30.99,231.3007826
2021-09-23 00:00:00,24.78889586,100,3.2,6.471402893,0.566931667,4.06828972,31.35,232.433913
2021-09-23 06:00:00,24.62387387,100,3.2,6.465933509,0.39407,4.066512684,31.35,233.5670435
2021-09-23 12:00:00,25.02345867,100,3.2,6.460464124,0.510580729,4.064735648,31.35,234.7001739
2021-09-23 18:00:00,25.26608392,100,3.2,6.45499474,0.627091458,4.062958612,31.35,235.8333043
2021-09-24 00:00:00,25.08754653,100,3.2,6.449525355,0.512870203,4.061181576,31.71,236.9664348
2021-09-24 06:00:00,24.76845992,100,3.2,6.444055971,0.398648947,4.05940454,31.71,238.0995652
2021-09-24 12:00:00,24.92742169,100,3.2,6.438586586,0.57398614,4.057627503,31.71,239.2326957
2021-09-24 18:00:00,25.06726044,100,3.2,6.433117202,0.749323333,4.055850467,31.71,240.3658261
2021-09-25 00:00:00,24.8474944,100,3.2,6.427647817,0.739425166,4.054073431,32.09,241.4989565
2021-09-25 06:00:00,24.44042857,100,3.2,6.422178433,0.729527,4.052296395,32.09,242.632087
2021-09-25 12:00:00,24.33958069,100,3.2,6.416709048,0.719628833,4.050519359,32.09,243.7652174
2021-09-25 18:00:00,24.14877807,100,3.2,6.411239663,0.709730667,4.048742323,32.09,244.8983478
2021-09-26 00:00:00,24.17066742,100,3.2,6.405770279,0.6998325,4.046965287,32.14,246.0314783
2021-09-26 06:00:00,24.19255676,100,3.2,6.400300894,0.689934333,4.045188251,32.14,247.1646087
2021-09-26 12:00:00,24.21444611,100,3.2,6.39483151,0.680036167,4.043411215,32.14,248.2977391
2021-09-26 18:00:00,24.52776989,100,3.2,6.389362125,0.670138,4.041634179,32.14,249.4308696
2021-09-27 00:00:00,24.36633315,100,3.2,6.383892741,0.630003673,4.039857143,32.19,250.564
2021-09-27 06:00:00,24.2920354,100,3.2,6.378423356,0.589869345,4.038080107,32.19,251.6971304
2021-09-27 12:00:00,24.97843109,100,3.2,6.372953972,0.549735018,4.036303071,32.19,252.8302609
2021-09-27 18:00:00,25.171875,100,3.2,6.367484587,0.50960069,4.034526035,32.19,253.9633913
2021-09-28 00:00:00,24.78866793,100,3.2,6.362015203,0.44206546,4.032748999,32.24,255.0965217
2021-09-28 06:00:00,24.60340314,100,3.2,6.356545818,0.37453023,4.030971963,32.24,256.2296522
2021-09-28 12:00:00,25.31836929,100,3.2,6.351076434,0.306995,4.029194927,32.24,257.3627826
2021-09-28 18:00:00,25.50508906,100,3.2,6.345607049,0.147693889,4.027417891,32.24,258.495913
2021-09-29 00:00:00,25.22010281,100,3.2,6.340137665,0.209046667,4.025640855,32.29,259.6290435
2021-09-29 06:00:00,24.92308859,100,3.2,6.33466828,0.270399445,4.023863819,32.29,260.7621739
2021-09-29 12:00:00,25.06680689,100,3.2,6.329198896,0.331752222,4.022086783,32.29,261.8953043
2021-09-29 18:00:00,25.16475718,100,3.2,6.323729511,0.393105,4.020309746,32.29,263.0284348
2021-09-30 00:00:00,24.95390875,100,3.2,6.318260126,0.39833873,4.01853271,32.34,264.1615652
2021-09-30 06:00:00,24.86619357,100,3.2,6.312790742,0.40357246,4.016755674,32.34,265.2946957
2021-09-30 12:00:00,25.53139952,100,3.2,6.307321357,0.40880619,4.014978638,32.34,266.4278261
2021-09-30 18:00:00,25.5893595,100,3.2,6.301851973,0.414039921,4.013201602,32.34,267.5609565
2021-10-01 00:00:00,25.19791667,100,3.2,6.296382588,0.419273651,4.011424566,32.39,268.694087
2021-10-01 06:00:00,24.92951278,100,3.2,6.290913204,0.424507381,4.00964753,32.39,269.8272174
2021-10-01 12:00:00,25.32664183,100,3.2,6.285443819,0.429741111,4.007870494,32.39,270.9603478
2021-10-01 18:00:00,25.48732182,100,3.2,6.279974435,0.145701429,4.006093458,32.39,272.0934783
2021-10-02 00:00:00,25.23124308,100,3.2,6.27450505,0.165349388,4.004316422,32.44,273.2266087
2021-10-02 06:00:00,25.12642045,100,3.2,6.269035666,0.184997346,4.002539386,32.44,274.3597391
2021-10-02 12:00:00,25.85243243,100,3.2,6.263566281,0.204645305,4.00076235,32.44,275.4928696
2021-10-02 18:00:00,26.09693878,100,3.2,6.258096897,0.224293263,3.998985314,32.44,276.626
2021-10-03 00:00:00,25.66308594,100,3.2,6.252627512,0.243941222,3.997208278,32.49,277.7591304
2021-10-03 06:00:00,25.44100467,100,3.2,6.247158128,0.263589181,3.995431242,32.49,278.8922609
2021-10-03 12:00:00,26.2032967,100,3.2,6.241688743,0.283237139,3.993654206,32.49,280.0253913
2021-10-03 18:00:00,26.23493304,100,3.2,6.236219358,0.302885098,3.99187717,32.49,281.1585217
2021-10-04 00:00:00,25.78162425,100,3.2,6.230749974,0.322533056,3.990100134,32.54,282.2916522
2021-10-04 06:00:00,25.4694985,100,3.2,6.225280589,0.342181015,3.988323098,32.54,283.4247826
2021-10-04 12:00:00,26.09040179,100,3.2,6.219811205,0.361828973,3.986546062,32.54,284.557913
2021-10-04 18:00:00,26.25132415,100,3.2,6.21434182,0.381476932,3.984769026,32.54,285.6910435
2021-10-05 00:00:00,25.9534538,100,3.2,6.208872436,0.370532188,3.98299199,32.59,286.8241739
2021-10-05 06:00:00,25.75319927,100,3.2,6.203403051,0.359587443,3.981214953,32.59,287.9573043
2021-10-05 12:00:00,26.32056064,100,3.2,6.197933667,0.348642699,3.979437917,32.59,289.0904348
2021-10-05 18:00:00,26.36364711,100,3.2,6.192464282,0.337697955,3.977660881,32.59,290.2235652
2021-10-06 00:00:00,25.79509731,100,3.2,6.186994898,0.32675321,3.975883845,32.64,291.3566957
2021-10-06 06:00:00,25.4995915,100,3.2,6.181525513,0.315808466,3.974106809,32.64,292.4898261
2021-10-06 12:00:00,26.30106707,100,3.2,6.176056129,0.304863722,3.972329773,32.64,293.6229565
2021-10-06 18:00:00,26.25380609,100,3.2,6.170586744,0.293918977,3.970552737,32.64,294.756087
2021-10-07 00:00:00,25.62669428,100,3.2,6.16511736,0.282974233,3.968775701,32.69,295.8892174
2021-10-07 06:00:00,25.21149554,100,3.2,6.159647975,0.272029489,3.966998665,32.69,297.0223478
2021-10-07 12:00:00,25.48673077,100,3.2,6.154178591,0.261084744,3.965221629,32.69,298.1554783
2021-10-07 18:00:00,25.50939119,100,3.2,6.148709206,0.25014,3.963444593,32.69,299.2886087
2021-10-08 00:00:00,25.28743243,100,3.2,6.143239821,0.38,3.961667557,32.74,300.4217391
2021-10-08 06:00:00,25.23557692,100,3.2,6.137770437,0.392678843,3.959890521,32.74,301.5548696
2021-10-08 12:00:00,25.9625275,100,3.2,6.132301052,0.405357685,3.958113485,32.74,302.688
2021-10-08 18:00:00,26.21069005,100,3.2,6.126831668,0.418036528,3.956336449,32.74005656,303.8211304
2021-10-09 00:00:00,25.91547619,100,3.2,6.121362283,0.43071537,3.954559413,32.79,304.9542609
2021-10-09 06:00:00,25.61328125,100,3.2,6.115892899,0.443394213,3.952782377,32.79,306.0873913
2021-10-09 12:00:00,26.07056452,100,3.2,6.110423514,0.456073056,3.951005341,32.79,307.2205217
2021-10-09 18:00:00,25.98852657,100,3.2,6.10495413,0.468751898,3.949228305,32.79,308.3536522
2021-10-10 00:00:00,25.47606383,100,3.2,6.099484745,0.481430741,3.947451269,32.94,309.4867826
2021-10-10 06:00:00,25.17574786,100,3.2,6.094015361,0.494109584,3.945674233,32.94,310.619913
2021-10-10 12:00:00,25.34573922,100,3.2,6.088545976,0.506788426,3.943897196,32.94,311.7530435
2021-10-10 18:00:00,25.47340147,100,3.2,6.083076592,0.519467269,3.94212016,32.94,312.8861739
2021-10-11 00:00:00,25.18100815,100,3.2,6.077607207,0.532146111,3.940343124,33.09,314.0193043
2021-10-11 06:00:00,24.95701531,100,3.2,6.072137823,0.544824954,3.938566088,33.09,315.1524348
2021-10-11 12:00:00,27.17383227,100,3.200727473,6.066668438,0.557503797,3.936789052,33.09,316.2855652
2021-10-11 18:00:00,27.33948864,100,3.203982495,6.111406328,0.570182639,3.935012016,33.09,317.4186957
2021-10-12 00:00:00,26.72146226,100,3.201565963,6.156144219,0.582861482,3.93323498,33.24,318.5518261
2021-10-12 06:00:00,26.41357104,100,3.205304494,6.20088211,0.595540324,3.931457944,33.24,319.6849565
2021-10-12 12:00:00,26.91550117,100,3.201970838,6.24562,0.608219167,3.929680908,33.24,320.818087
2021-10-12 18:00:00,26.99143145,100,3.203455556,6.247295976,0.466425291,3.927903872,33.24,321.9512174
2021-10-13 00:00:00,26.63552937,100,3.203244444,6.248971952,0.464438289,3.926126836,33.39,323.0843478
2021-10-13 06:00:00,26.4834235,100,3.202595555,6.250647928,0.462451287,3.9243498,33.42,324.2174783
2021-10-13 12:00:00,26.33131762,100,3.201946666,6.252323904,0.460464285,3.922572764,33.45,325.3506087
2021-10-13 18:00:00,26.17921175,100,3.201297778,6.25399988,0.458477283,3.920795728,33.48,326.4837391
2021-10-14 00:00:00,26.02710587,100,3.200648889,6.255675855,0.456490281,3.919018692,33.51,327.6168696
2021-10-14 06:00:00,25.875,100,3.2,6.257351831,0.454503279,3.917241656,33.54,328.75
2021-10-14 12:00:00,25.86875,100,3.2,6.259027807,0.452516277,3.91546462,33.575,329.7183333
2021-10-14 18:00:00,25.8625,100,3.2,6.260703783,0.450529275,3.913687584,33.61,330.6866667
2021-10-15 00:00:00,25.85625,100,3.2,6.262379759,0.448542273,3.911910548,33.645,331.655
2021-10-15 06:00:00,25.85,100,3.2,6.264055735,0.446555271,3.910133512,33.68,332.6233333
2021-10-15 12:00:00,25.84375,100,3.2,6.265731711,0.444568269,3.908356476,33.715,333.5916667
2021-10-15 18:00:00,25.8375,100,3.2,6.267407687,0.442581267,3.906579439,33.75,334.56
2021-10-16 00:00:00,25.83125,100,3.2,6.269083663,0.440594265,3.904802403,33.785,335.5283333
2021-10-16 06:00:00,25.825,100,3.2,6.270759639,0.438607263,3.903025367,33.82,336.4966667
2021-10-16 12:00:00,25.81875,100,3.2,6.272435615,0.436620261,3.901248331,33.855,337.465
2021-10-16 18:00:00,25.8125,100,3.2,6.27411159,0.434633259,3.899471295,33.89,338.4333333
2021-10-17 00:00:00,25.80625,100,3.2,6.275787566,0.432646257,3.897694259,33.925,339.4016667
2021-10-17 06:00:00,25.8,100,3.2,6.277463542,0.430659255,3.895917223,33.96,340.37
2021-10-17 12:00:00,25.79375,100,3.2,6.279139518,0.428672253,3.894140187,33.995,341.3383333
2021-10-17 18:00:00,25.7875,100,3.2,6.280815494,0.426685251,3.892363151,34.03,342.3066667
2021-10-18 00:00:00,25.78125,100,3.2,6.28249147,0.424698249,3.890586115,34.065,343.275
2021-10-18 06:00:00,25.775,100,3.2,6.284167446,0.422711247,3.888809079,34.1,344.2433333
2021-10-18 12:00:00,25.76875,100,3.2,6.285843422,0.420724244,3.887032043,34.135,345.2116667
2021-10-18 18:00:00,25.7625,100,3.2,6.287519398,0.418737242,3.885255007,34.17,346.18
2021-10-19 00:00:00,25.75625,100,3.2,6.289195374,0.41675024,3.883477971,34.205,347.1483333
2021-10-19 06:00:00,25.75,100,3.2,6.29087135,0.414763238,3.881700935,34.24,348.1166667
2021-10-19 12:00:00,25.74375,100,3.2,6.292547325,0.412776236,3.879923899,34.275,349.085
2021-10-19 18:00:00,25.7375,100,3.2,6.294223301,0.410789234,3.878146863,34.31,350.0533333
2021-10-20 00:00:00,25.73125,100,3.2,6.295899277,0.408802232,3.876369827,34.345,351.0216667
2021-10-20 06:00:00,25.725,100,3.2,6.297575253,0.40681523,3.874592791,34.38,351.99
2021-10-20 12:00:00,25.71875,100,3.2,6.299251229,0.404828228,3.872815755,34.415,352.9583333
2021-10-20 18:00:00,25.7125,100,3.2,6.300927205,0.402841226,3.871038719,34.45,353.9266667
2021-10-21 00:00:00,25.70625,100,3.2,6.302603181,0.400854224,3.869261683,34.485,354.895
2021-10-21 06:00:00,25.7,100,3.2,6.304279157,0.398867222,3.867484646,34.52,355.8633333
2021-10-21 12:00:00,25.69375,100,3.2,6.305955133,0.39688022,3.86570761,34.555,356.8316667
2021-10-21 18:00:00,25.6875,100,3.2,6.307631109,0.394893218,3.863930574,34.59,357.8
2021-10-22 00:00:00,25.65489506,100,3.2,6.309307085,0.392906216,3.862153538,34.62,358.8375
2021-10-22 06:00:00,25.62229013,100,3.2,6.310983061,0.390919214,3.860376502,34.65,359.875
2021-10-22 12:00:00,25.5896852,100,3.2,6.312659036,0.388932212,3.858599466,34.68,360.9125
2021-10-22 18:00:00,25.55708026,100,3.2,6.314335012,0.38694521,3.85682243,34.71,361.95
2021-10-23 00:00:00,25.52447532,100,3.2,6.316010988,0.384958208,3.855045394,34.74,362.9875
2021-10-23 06:00:00,25.49187039,100,3.2,6.317686964,0.382971206,3.853268358,34.77,364.025
2021-10-23 12:00:00,25.45926546,100,3.2,6.31936294,0.380984204,3.851491322,34.8,365.0625
2021-10-23 18:00:00,25.42666052,100,3.2,6.321038916,0.378997202,3.849714286,34.83,366.1
2021-10-24 00:00:00,25.15737179,100,3.2,6.322714892,0.378500297,3.824297314,34.9,369.67
2021-10-24 06:00:00,25.17723109,100,3.2,6.324390868,0.378003393,3.798880342,34.9,369.67
2021-10-24 12:00:00,26.26807598,100,3.2,6.326066844,0.377506488,3.77346337,34.9,369.67
2021-10-24 18:00:00,26.42238155,100,3.2,6.32774282,0.377009584,3.748046398,34.9,369.67
2021-10-25 00:00:00,26.10191685,100,3.2,6.329418796,0.376512679,3.722629426,34.97,373.24
2021-10-25 06:00:00,25.91910966,100,3.2,6.331094771,0.376015775,3.697212454,34.97,373.24
2021-10-25 12:00:00,26.45822157,100,3.2,6.332770747,0.37551887,3.671795482,34.97,373.24
2021-10-25 18:00:00,26.64617486,100,3.2,6.334446723,0.375021966,3.64637851,34.97,373.24
2021-10-26 00:00:00,25.41622714,100,3.2,6.336122699,0.374525061,3.620961538,35.04,376.81
2021-10-26 06:00:00,24.97203765,100,3.2,6.337798675,0.38,3.719721154,35.04,376.81
2021-10-26 12:00:00,25.60998878,85.60830527,3.4957025,6.339474651,0.378289676,3.818480769,35.04,376.81
2021-10-26 18:00:00,25.69493569,81.59485531,3.525116087,6.339474651,0.376579353,3.917240385,35.04,376.81
2021-10-27 00:00:00,25.19794002,83.53923767,3.554529673,6.339474651,0.374869029,4.016,35.11,380.38
2021-10-27 06:00:00,24.87021365,58.29273743,3.58394326,6.339474651,0.331295181,4.003829268,35.11,380.38
2021-10-27 12:00:00,25.62706435,66.61617312,3.613356846,6.339474651,0.287721333,3.991658537,35.11,380.38
2021-10-27 18:00:00,25.87970633,75.61144578,3.642770433,6.339474651,0.244147484,3.979487805,35.11,380.38
2021-10-28 00:00:00,25.64945242,68.62990937,3.67218402,6.339474651,0.200573636,3.967317073,35.18,383.95
2021-10-28 06:00:00,25.21384298,59.04950495,3.701597606,6.339474651,0.3716975,4.253308271,35.18,383.95
2021-10-28 12:00:00,25.67060615,54.65841584,3.731011193,6.339474651,0.38,4.241847009,35.18,383.95
2021-10-28 18:00:00,25.71178344,55.54446461,3.76042478,6.339474651,0.357165259,4.230385747,35.18,383.95
2021-10-29 00:00:00,25.35528111,56.38024691,3.789838366,6.339474651,0.334330518,4.218924485,35.25,387.52
2021-10-29 06:00:00,25.24137693,56.2791762,3.819251953,6.339474651,0.311495778,4.207463223,35.25,387.52
2021-10-29 12:00:00,26.07917601,57.76630435,3.848665539,6.339474651,0.288661037,4.196001962,35.25,387.52
2021-10-29 18:00:00,26.29646164,60.37168142,3.878079126,6.339474651,0.265826296,4.1845407,35.25,387.52
2021-10-30 00:00:00,26.03210526,59.35544431,3.907492713,6.339474651,0.242991555,4.173079438,35.32,391.09
2021-10-30 06:00:00,25.85640166,55.49739583,3.936906299,6.339474651,0.220156815,4.161618176,35.32,391.09
2021-10-30 12:00:00,26.38140191,55.74537988,3.966319886,6.339474651,0.197322074,4.150156914,35.32,391.09
2021-10-30 18:00:00,26.45514223,59.46769231,3.995733472,6.339474651,0.174487333,4.138695652,35.32,391.09
2021-10-31 00:00:00,26.21827937,58.05120482,4.025147059,6.339474651,0.423636364,4.138695652,35.39,394.66
